    INSERT INTO carreras (id_carrera, nombre_carrera, tipo, modelo, duracion)
    VALUES
        (1, 'Diseño Digital', 'Ingenieria', 'Cuatrimestre', 11),
        (2, 'Industrial', 'Ingenieria', 'Cuatrimestre', 11),
        (3, 'TICS', 'Ingenieria', 'Cuatrimestre', 13);

    INSERT INTO grupos (id_grupo, nombre_grupo, numero_estudiantes, grado_academico, id_carrera)
    VALUES
        (1, 'TI32', 30, 3, 3),
        (2, 'TI11', 24, 1, 3),
        (3, 'TI81', 20, 8, 3);

    INSERT INTO materias (id_materia, nombre_materia, horas_totales, hora_semanal, id_grupo)
    VALUES
        (1, 'Base de datos para aplicaciones web', 112, 7, 1),
        (2, 'Sociocultural', 64, 4, 1),
        (3, 'Probabilidad y Estadistica', 80, 5, 1),
        (4, 'Tutoria', 16, 1, 1),
        (5, 'Sistemas Operativos', 80, 5, 1),
        (6, 'Integradora', 32, 2, 1),
        (7, 'Ingles III', 64, 4, 1),
        (8, 'Aplicaciones web', 96, 6, 1),
        (9, 'Formacion Sociocultural', 32, 2, 1);

    INSERT INTO hora_aulas (id_hora_aula, dia_semana, hora_inicio, hora_fin)
    VALUES
        (1, 1, '07:00', '08:00'),(2, 1, '08:00', '09:00'),(3, 1, '09:00', '10:00'),(4, 1, '10:00', '11:00'),(5, 1, '11:00', '12:00'),
        (6, 1, '12:00', '13:00'),(7, 1, '13:00', '14:00'),(8, 1, '14:00', '15:00'),(9, 1, '15:00', '16:00'),(10, 1, '16:00', '17:00'),
        (11, 1, '17:00', '18:00'),(12, 1, '18:00', '19:00'),(13, 1, '19:00', '20:00'),(14, 1, '20:00', '21:00'),(15, 2, '07:00', '08:00'),
        (16, 2, '08:00', '09:00'),(17, 2, '09:00', '10:00'),(18, 2, '10:00', '11:00'),(19, 2, '11:00', '12:00'),(20, 2, '12:00', '13:00'),
        (21, 2, '13:00', '14:00'),(22, 2, '14:00', '15:00'),(23, 2, '15:00', '16:00'),(24, 2, '16:00', '17:00'),(25, 2, '17:00', '18:00'),
        (26, 2, '18:00', '19:00'),(27, 2, '19:00', '20:00'),(28, 2, '20:00', '21:00'),(29, 3, '07:00', '08:00'),(30, 3, '08:00', '09:00'),
        (31, 3, '09:00', '10:00'),(32, 3, '10:00', '11:00'),(33, 3, '11:00', '12:00'),(34, 3, '12:00', '13:00'),(35, 3, '13:00', '14:00'),
        (36, 3, '14:00', '15:00'),(37, 3, '15:00', '16:00'),(38, 3, '16:00', '17:00'),(39, 3, '17:00', '18:00'),(40, 3, '18:00', '19:00'),
        (41, 3, '19:00', '20:00'),(42, 3, '20:00', '21:00'),(43, 4, '07:00', '08:00'),(44, 4, '08:00', '09:00'),(45, 4, '09:00', '10:00'),
        (46, 4, '10:00', '11:00'),(47, 4, '11:00', '12:00'),(48, 4, '12:00', '13:00'),(49, 4, '13:00', '14:00'),(50, 4, '14:00', '15:00'),
        (51, 4, '15:00', '16:00'),(52, 4, '16:00', '17:00'),(53, 4, '17:00', '18:00'),(54, 4, '18:00', '19:00'),(55, 4, '19:00', '20:00'),
        (56, 4, '20:00', '21:00'),(57, 5, '07:00', '08:00'),(58, 5, '08:00', '09:00'),(59, 5, '09:00', '10:00'),(60, 5, '10:00', '11:00'),
        (61, 5, '11:00', '12:00'),(62, 5, '12:00', '13:00'),(63, 5, '13:00', '14:00'),(64, 5, '14:00', '15:00'),(65, 5, '15:00', '16:00'),
        (66, 5, '16:00', '17:00'),(67, 5, '17:00', '18:00'),(68, 5, '18:00', '19:00'),(69, 5, '19:00', '20:00'),(70, 5, '20:00', '21:00'),
        (71, 6, '07:00', '08:00'),(72, 6, '08:00', '09:00'),(73, 6, '09:00', '10:00'),(74, 6, '10:00', '11:00'),(75, 6, '11:00', '12:00'),
        (76, 6, '12:00', '13:00'),(77, 6, '13:00', '14:00'),(78, 6, '14:00', '15:00'),(79, 6, '15:00', '16:00'),(80, 6, '16:00', '17:00'),
        (81, 6, '17:00', '18:00'),(82, 6, '18:00', '19:00'),(83, 6, '19:00', '20:00'),(84, 6, '20:00', '21:00');

    INSERT INTO aulas (id_aula, nombre_aula, capacidad, tipo_aula, edificio)
    VALUES
        (1, 'K2', 32, 'Laboratorio', 'K'),
        (2, 'G1', 25, 'Laboratorio', 'G'),
        (3, 'C1', 28, 'Aula', 'C');

    INSERT INTO disponibilidad_aulas (id_disponibilidad_aula, periodo_aula, id_aula)
    VALUES
        (1, 'MA-2023', 1),
        (2, 'MA-2023', 2),
        (3, 'MA-2023', 3);

    INSERT INTO disponibilidad_aulas_horas (id_disponibilidad_aula, id_hora_aula)
    VALUES
        (1, 1),(1, 2),(1, 3),(1, 4),(1, 5),(1, 6),(1, 7),(1, 8),(1, 9),(1, 10),(1, 11),(1, 12),(1, 13),(1, 14),(1, 15),(1, 16),(1, 17),
        (1, 18),(1, 19),(1, 20),(1, 21),(1, 22),(1, 23),(1, 24),(1, 25),(1, 26),(1, 27),(1, 28),(1, 29),(1, 30),(1, 31),(1, 32),(1, 33),
        (1, 34),(1, 35),(1, 36),(1, 37),(1, 38),(1, 39),(1, 40),(1, 41),(1, 42),(1, 43),(1, 44),(1, 45),(1, 46),(1, 47),(1, 48),(1, 49);

    INSERT INTO profesores (id_profesor, nombre_profesor, apellido_paterno, apellido_materno, email, telefono, grado_academico, area_especialidad)
    VALUES
        (1, 'Salvador', 'apellido1', 'apellido1', 'correo@correo.com', '7751231231', 'Doctorado', 'Desarrollo de Software'),
        (2, 'Juan Manuel', 'apellido1', 'apellido1', 'correo@correo.com', '7751231231', 'Doctorado', 'Calculo Diferencial'),
        (3, 'Maria Elena', 'apellido1', 'apellido1', 'correo@correo.com', '7751231231', 'Licenciatura', 'Probabilidad y Estadistica'),
        (4, 'Oscar', 'apellido1', 'apellido1', 'correo@correo.com', '7751231231', 'Doctorado', 'Seguridad Informática'),
        (5, 'Elizabeth', 'apellido1', 'apellido1', 'correo@correo.com', '7751231231', 'Doctorado', 'Seguridad Informática'),
        (6, 'Victor', 'apellido1', 'apellido1', 'correo@correo.com', '7751231231', 'Maestria', 'Bases de datos'),
        (7, 'Yadira', 'apellido1', 'apellido1', 'correo@correo.com', '7751231231', 'Doctorado', 'Ingles'),
        (8, 'Rigoberto', 'apellido1', 'apellido1', 'correo@correo.com', '7751231231', 'Licenciatura', 'Desarrollo Web'),
        (9, 'Teresa', 'apellido1', 'apellido1', 'correo@correo.com', '7751231231', 'Maestria', 'Psicologia');

        
    INSERT INTO hora_profesores (id_hora_profesor, dia_semana, hora_inicio, hora_fin)
    VALUES
        (1, 1, '07:00', '08:00'),(2, 1, '08:00', '09:00'),(3, 1, '09:00', '10:00'),(4, 1, '10:00', '11:00'),(5, 1, '11:00', '12:00'),
        (6, 1, '12:00', '13:00'),(7, 1, '13:00', '14:00'),(8, 1, '14:00', '15:00'),(9, 1, '15:00', '16:00'),(10, 1, '16:00', '17:00'),
        (11, 1, '17:00', '18:00'),(12, 1, '18:00', '19:00'),(13, 1, '19:00', '20:00'),(14, 1, '20:00', '21:00'),(15, 2, '07:00', '08:00'),
        (16, 2, '08:00', '09:00'),(17, 2, '09:00', '10:00'),(18, 2, '10:00', '11:00'),(19, 2, '11:00', '12:00'),(20, 2, '12:00', '13:00'),
        (21, 2, '13:00', '14:00'),(22, 2, '14:00', '15:00'),(23, 2, '15:00', '16:00'),(24, 2, '16:00', '17:00'),(25, 2, '17:00', '18:00'),
        (26, 2, '18:00', '19:00'),(27, 2, '19:00', '20:00'),(28, 2, '20:00', '21:00'),(29, 3, '07:00', '08:00'),(30, 3, '08:00', '09:00'),
        (31, 3, '09:00', '10:00'),(32, 3, '10:00', '11:00'),(33, 3, '11:00', '12:00'),(34, 3, '12:00', '13:00'),(35, 3, '13:00', '14:00'),
        (36, 3, '14:00', '15:00'),(37, 3, '15:00', '16:00'),(38, 3, '16:00', '17:00'),(39, 3, '17:00', '18:00'),(40, 3, '18:00', '19:00'),
        (41, 3, '19:00', '20:00'),(42, 3, '20:00', '21:00'),(43, 4, '07:00', '08:00'),(44, 4, '08:00', '09:00'),(45, 4, '09:00', '10:00'),
        (46, 4, '10:00', '11:00'),(47, 4, '11:00', '12:00'),(48, 4, '12:00', '13:00'),(49, 4, '13:00', '14:00'),(50, 4, '14:00', '15:00'),
        (51, 4, '15:00', '16:00'),(52, 4, '16:00', '17:00'),(53, 4, '17:00', '18:00'),(54, 4, '18:00', '19:00'),(55, 4, '19:00', '20:00'),
        (56, 4, '20:00', '21:00'),(57, 5, '07:00', '08:00'),(58, 5, '08:00', '09:00'),(59, 5, '09:00', '10:00'),(60, 5, '10:00', '11:00'),
        (61, 5, '11:00', '12:00'),(62, 5, '12:00', '13:00'),(63, 5, '13:00', '14:00'),(64, 5, '14:00', '15:00'),(65, 5, '15:00', '16:00'),
        (66, 5, '16:00', '17:00'),(67, 5, '17:00', '18:00'),(68, 5, '18:00', '19:00'),(69, 5, '19:00', '20:00'),(70, 5, '20:00', '21:00'),
        (71, 6, '07:00', '08:00'),(72, 6, '08:00', '09:00'),(73, 6, '09:00', '10:00'),(74, 6, '10:00', '11:00'),(75, 6, '11:00', '12:00'),
        (76, 6, '12:00', '13:00'),(77, 6, '13:00', '14:00'),(78, 6, '14:00', '15:00'),(79, 6, '15:00', '16:00'),(80, 6, '16:00', '17:00'),
        (81, 6, '17:00', '18:00'),(82, 6, '18:00', '19:00'),(83, 6, '19:00', '20:00'),(84, 6, '20:00', '21:00');

    INSERT INTO disponibilidad_profesores (id_disponibilidad_profesor, periodo_profesor, id_profesor)
    VALUES
        (1, 'MA-2023', 1),
        (2, 'MA-2023', 2),
        (3, 'MA-2023', 3),
        (4, 'MA-2023', 4),
        (5, 'MA-2023', 5),
        (6, 'MA-2023', 6),
        (7, 'MA-2023', 7),
        (8, 'MA-2023', 8),
        (9, 'MA-2023', 9);
        
    INSERT INTO disponibilidad_profesores_horas (id_disponibilidad_profesor, id_hora_profesor)
    VALUES(1, 1),(1, 2),(1, 3),(1, 4),(1, 5),(1, 6),(1, 7),(1, 8),(1, 9),(1, 10),(1, 11),(1, 12),(1, 13),(1, 14),(1, 15),(1, 16),(1, 17),
    (1, 18),(1, 19),(1, 20),(1, 21),(1, 22),(1, 23),(1, 24),(1, 25),(1, 26),(1, 27),(1, 28),(1, 29),(1, 30),(1, 31),(1, 32),(1, 33),(1, 34),
    (1, 35),(1, 36),(1, 37),(1, 38),(1, 39),(1, 40),(1, 41),(1, 42),(1, 43),(1, 44),(1, 45),(1, 46),(1, 47),(1, 48),(1, 49);

    INSERT INTO hora_horarios (id_hora_horario, dia_semana, hora_inicio, hora_fin)
    VALUES
        (1, 1, '07:00', '08:00'),(2, 1, '08:00', '09:00'),(3, 1, '09:00', '10:00'),(4, 1, '10:00', '11:00'),(5, 1, '11:00', '12:00'),
        (6, 1, '12:00', '13:00'),(7, 1, '13:00', '14:00'),(8, 1, '14:00', '15:00'),(9, 1, '15:00', '16:00'),(10, 1, '16:00', '17:00'),
        (11, 1, '17:00', '18:00'),(12, 1, '18:00', '19:00'),(13, 1, '19:00', '20:00'),(14, 1, '20:00', '21:00'),(15, 2, '07:00', '08:00'),
        (16, 2, '08:00', '09:00'),(17, 2, '09:00', '10:00'),(18, 2, '10:00', '11:00'),(19, 2, '11:00', '12:00'),(20, 2, '12:00', '13:00'),
        (21, 2, '13:00', '14:00'),(22, 2, '14:00', '15:00'),(23, 2, '15:00', '16:00'),(24, 2, '16:00', '17:00'),(25, 2, '17:00', '18:00'),
        (26, 2, '18:00', '19:00'),(27, 2, '19:00', '20:00'),(28, 2, '20:00', '21:00'),(29, 3, '07:00', '08:00'),(30, 3, '08:00', '09:00'),
        (31, 3, '09:00', '10:00'),(32, 3, '10:00', '11:00'),(33, 3, '11:00', '12:00'),(34, 3, '12:00', '13:00'),(35, 3, '13:00', '14:00'),
        (36, 3, '14:00', '15:00'),(37, 3, '15:00', '16:00'),(38, 3, '16:00', '17:00'),(39, 3, '17:00', '18:00'),(40, 3, '18:00', '19:00'),
        (41, 3, '19:00', '20:00'),(42, 3, '20:00', '21:00'),(43, 4, '07:00', '08:00'),(44, 4, '08:00', '09:00'),(45, 4, '09:00', '10:00'),
        (46, 4, '10:00', '11:00'),(47, 4, '11:00', '12:00'),(48, 4, '12:00', '13:00'),(49, 4, '13:00', '14:00'),(50, 4, '14:00', '15:00'),
        (51, 4, '15:00', '16:00'),(52, 4, '16:00', '17:00'),(53, 4, '17:00', '18:00'),(54, 4, '18:00', '19:00'),(55, 4, '19:00', '20:00'),
        (56, 4, '20:00', '21:00'),(57, 5, '07:00', '08:00'),(58, 5, '08:00', '09:00'),(59, 5, '09:00', '10:00'),(60, 5, '10:00', '11:00'),
        (61, 5, '11:00', '12:00'),(62, 5, '12:00', '13:00'),(63, 5, '13:00', '14:00'),(64, 5, '14:00', '15:00'),(65, 5, '15:00', '16:00'),
        (66, 5, '16:00', '17:00'),(67, 5, '17:00', '18:00'),(68, 5, '18:00', '19:00'),(69, 5, '19:00', '20:00'),(70, 5, '20:00', '21:00'),
        (71, 6, '07:00', '08:00'),(72, 6, '08:00', '09:00'),(73, 6, '09:00', '10:00'),(74, 6, '10:00', '11:00'),(75, 6, '11:00', '12:00'),
        (76, 6, '12:00', '13:00'),(77, 6, '13:00', '14:00'),(78, 6, '14:00', '15:00'),(79, 6, '15:00', '16:00'),(80, 6, '16:00', '17:00'),
        (81, 6, '17:00', '18:00'),(82, 6, '18:00', '19:00'),(83, 6, '19:00', '20:00'),(84, 6, '20:00', '21:00');

    INSERT INTO horarios (periodo_horario, id_grupo, id_materia, id_profesor, id_aula, id_hora_horario)
    VALUES
        ('MA-2023', 1, 1, 1, 1, 1),
        ('MA-2023', 1, 1, 1, 1, 2),
        ('MA-2023', 1, 2, 2, 2, 2),
        ('MA-2023', 1, 3, 3, 2, 4),
        ('MA-2023', 1, 3, 3, 2, 5),
        ('MA-2023', 1, 1, 1, 1, 15),
        ('MA-2023', 1, 1, 1, 1, 16),
        ('MA-2023', 1, 4, 2, 3, 17),
        ('MA-2023', 1, 5, 5, 1, 18),
        ('MA-2023', 1, 5, 5, 1, 19),
        ('MA-2023', 1, 6, 6, 2, 20),
        ('MA-2023', 1, 6, 6, 2, 21),
        ('MA-2023', 1, 3, 3, 2, 22),
        ('MA-2023', 1, 7, 7, 3, 29),
        ('MA-2023', 1, 7, 7, 3, 30),
        ('MA-2023', 1, 1, 1, 1, 31),
        ('MA-2023', 1, 1, 1, 1, 32),
        ('MA-2023', 1, 8, 8, 1, 33),
        ('MA-2023', 1, 8, 8, 1, 34),
        ('MA-2023', 1, 3, 3, 1, 35),
        ('MA-2023', 1, 3, 3, 1, 36),
        ('MA-2023', 1, 9, 9, 1, 43),
        ('MA-2023', 1, 9, 9, 1, 44),
        ('MA-2023', 1, 1, 1, 1, 45),
        ('MA-2023', 1, 5, 5, 1, 46),
        ('MA-2023', 1, 5, 5, 1, 47),
        ('MA-2023', 1, 8, 8, 1, 48),
        ('MA-2023', 1, 8, 8, 1, 49),
        ('MA-2023', 1, 2, 2, 2, 50),
        ('MA-2023', 1, 7, 7, 3, 57),
        ('MA-2023', 1, 7, 7, 3, 58),
        ('MA-2023', 1, 5, 5, 1, 59),
        ('MA-2023', 1, 8, 8, 1, 60),
        ('MA-2023', 1, 8, 8, 1, 61),
        ('MA-2023', 1, 2, 2, 2, 62),
        ('MA-2023', 1, 2, 2, 2, 63);
